Genotype	Plot_Day	Accesion N	N GBS samples	N Plants	Avg. IBS	% missing	Breeding program	Pop structure
33-16	14A0309_26	Ames26771	4.0	3.0	0.998	0.34	Other	unclassified
38-11	14A0233_8	Ames26604	6.0	5.0	0.992	0.21	Other	unclassified
4226	14A0079_26	NSL30904	4.0	3.0	0.998	0.29	Other	unclassified
4722	14A0311_8	PI587130	3.0	2.0	0.998	0.39	Other	unclassified
A188	14A0021_8	Ames22443	8.0	7.0	0.996	0.29	Minnesota	unclassified
A214N	14A0451_26	Ames31536	6.0	5.0	0.986	0.24	Other	unclassified
A239	14A0125_8	Ames23405	3.0	2.0	0.998	0.5	Minnesota	unclassified
A272	14A0099_8	Ames27063	2.0	1.0	0.99	0.63	Other	unclassified
A441-5	14A0307_26	Ames27064	3.0	2.0	0.998	0.44	South Africa	unclassified
A554	14A0035_8	PI587138	4.0	3.0	0.997	0.37	Minnesota	unclassified
A556	14A0031_8	Ames23450	4.0	3.0	0.997	0.31	Minnesota	unclassified
A619	14A0063_8	PI587139	3.0	2.0	0.996	0.44	Minnesota	non-stiff stalk
A632	14A0101_8	PI587140	3.0	2.0	0.994	0.52	Minnesota	stiff stalk
A634	14A0107_8	Ames19308	3.0	2.0	0.998	0.39	Minnesota	stiff stalk
A635	14A0111_8	Ames19309	4.0	3.0	0.993	0.39	Minnesota	stiff stalk
A641	14A0083_8	Ames19311	9.0	3.0	0.92	0.18	Minnesota	stiff stalk
A654	14A0013_8	PI587141	6.0	5.0	0.99	0.23	Minnesota	unclassified
A659	14A0023_8	NSL81599	3.0	2.0	0.998	0.38	Minnesota	unclassified
A661	14A0045_8	PI607521	6.0	5.0	0.99	0.26	Minnesota	unclassified
A679	14A0085_8	PI587142	3.0	2.0	0.995	0.39	Minnesota	unclassified
A680	14A0145_8	Ames23503	4.0	3.0	0.997	0.31	Minnesota	stiff stalk
A682	14A0091_8	PI587143	3.0	2.0	0.99	0.5	Minnesota	non-stiff stalk
A6	14A0513_26	Ames27062	3.0	2.0	0.998	0.48	Other	unclassified
Ab28A	14A0425_26	Ames18999	4.0	3.0	0.997	0.3	Other	unclassified
B103	14A0089_8	PI594046	8.0	2.0	0.992	0.3	Iowa	non-stiff stalk
B104	14A0263_8	PI594047	3.0	2.0	0.997	0.33	Iowa	stiff stalk
B105	14A0287_8	PI594048	3.0	2.0	0.98	0.41	Iowa	stiff stalk
B109	14A0165_8	PI597927	5.0	4.0	0.997	0.18	Iowa	stiff stalk
B10	14A0279_8	NSL65865	4.0	3.0	0.989	0.34	Iowa	unclassified
B14A	14A0163_8	PI550461	4.0	3.0	0.998	0.25	Iowa	stiff stalk
B164	14A0133_8	Ames27066	3.0	2.0	0.998	0.4	Other	stiff stalk
B2	14A0249_8	Ames26769	4.0	3.0	0.992	0.29	Iowa	unclassified
B37	14A0241_8	PI550467	3.0	2.0	0.997	0.35	Iowa	stiff stalk
B46	14A0157_26	PI550469	4.0	3.0	0.998	0.29	Iowa	unclassified
B52	14A0193_26	PI550454	3.0	2.0	0.997	0.44	Iowa	unclassified
B57	14A0199_8	PI550472	4.0	3.0	0.998	0.31	Iowa	non-stiff stalk
B64	14A0041_26	PI550440	3.0	2.0	0.998	0.37	Iowa	unclassified
B68	14A0281_8	PI550465	3.0	2.0	0.998	0.34	Iowa	stiff stalk
B73Htrhm	14A0235_8	Ames27065	3.0	2.0	0.999	0.33	Other	stiff stalk
B73	14A0029_26	PI550473	38.0	32.0	0.998	0.04	Iowa	stiff stalk
B73	14A0029_8	PI550473	38.0	32.0	0.998	0.04	Iowa	stiff stalk
B73	14A0113_26	PI550473	38.0	32.0	0.998	0.04	Iowa	stiff stalk
B73	14A0113_8	PI550473	38.0	32.0	0.998	0.04	Iowa	stiff stalk
B73	14A0185_26	PI550473	38.0	32.0	0.998	0.04	Iowa	stiff stalk
B73	14A0185_8	PI550473	38.0	32.0	0.998	0.04	Iowa	stiff stalk
B73	14A0195_8	PI550473	38.0	32.0	0.998	0.04	Iowa	stiff stalk
B73	14A0239_26	PI550473	38.0	32.0	0.998	0.04	Iowa	stiff stalk
B73	14A0239_8	PI550473	38.0	32.0	0.998	0.04	Iowa	stiff stalk
B73	14A0303_26	PI550473	38.0	32.0	0.998	0.04	Iowa	stiff stalk
B73	14A0381_26	PI550473	38.0	32.0	0.998	0.04	Iowa	stiff stalk
B73	14A0381_8	PI550473	38.0	32.0	0.998	0.04	Iowa	stiff stalk
B73	14A0455_26	PI550473	38.0	32.0	0.998	0.04	Iowa	stiff stalk
B75	14A0151_8	PI608774	3.0	2.0	0.998	0.4	Iowa	non-stiff stalk
B76	14A0059_8	PI550483	3.0	2.0	0.998	0.42	Iowa	stiff stalk
B77	14A0171_26	PI608765	3.0	2.0	0.998	0.43	Iowa	unclassified
B79	14A0147_8	PI608766	3.0	2.0	0.995	0.38	Iowa	unclassified
B84	14A0155_26	PI608767	3.0	2.0	0.999	0.35	Iowa	unclassified
B97	14A0229_8	PI564682	8.0	2.0	0.997	0.24	Iowa	non-stiff stalk
C103	14A0149_8	Ames19284	4.0	3.0	0.987	0.34	Other	non-stiff stalk
C123	14A0081_8	Ames19313	4.0	3.0	0.993	0.29	Other	non-stiff stalk
C49A	14A0037_8	Ames27067	3.0	2.0	0.998	0.46	Other	unclassified
CH701-30	14A0095_8	Ames27069	3.0	2.0	0.998	0.46	Ontario	unclassified
CH9	14A0183_8	Ames27068	3.0	2.0	0.997	0.36	Ontario	unclassified
CI187-2	14A0503_8	Ames26138	5.0	4.0	0.914	0.2	Other	stiff stalk
CI21E	14A0253_26	CIze21	3.0	2.0	0.996	0.44	Other	unclassified
CI28A	14A0403_26	CIze28	6.0	5.0	0.979	0.31	Other	unclassified
CI31A	14A0355_26	Ames21512	3.0	2.0	0.997	0.28	Other	unclassified
CI3A	14A0219_8	Ames26116	4.0	3.0	0.996	0.36	Other	unclassified
CI64	14A0293_26	Ames19314	4.0	3.0	0.996	0.33	Other	unclassified
CI66	14A0467_26	PI587148	4.0	3.0	0.998	0.32	Other	unclassified
CI7	14A0259_26	CIze7	4.0	3.0	0.973	0.37	Other	unclassified
CI90C	14A0401_26	Ames31534	4.0	3.0	0.998	0.39	Other	unclassified
CI91B	14A0383_26	CIze91	2.0	1.0	0.999	0.54	Other	unclassified
CM105	14A0039_8	PI587124	4.0	3.0	0.992	0.29	Other	unclassified
CM37	14A0001_8	Ames20190	4.0	3.0	0.997	0.36	Other	unclassified
CM7	14A0007_8	Ames27070	3.0	2.0	0.998	0.46	Other	unclassified
CML103	14A0369_26	Ames27081	8.0	2.0	0.996	0.29	Mexico	tropical
CML108	14A0415_26	Ames27082	4.0	3.0	0.996	0.31	Mexico	tropical
CML10	14A0169_26	Ames27072	4.0	3.0	0.998	0.29	Mexico	tropical
CML11	14A0511_26	Ames27258	3.0	2.0	0.998	0.5	Mexico	tropical
CML154Q	14A0351_26	Ames27083	4.0	3.0	0.996	0.29	Mexico	tropical
CML157Q	14A0449_26	Ames27084	4.0	3.0	0.998	0.37	Mexico	tropical
CML158Q	14A0487_26	Ames27085	3.0	2.0	0.996	0.37	Mexico	tropical
CML206	14A0564_26	CML206	2.0	2.0	0.998	0.54	Mexico	tropical
CML218	14A0501_26	Ames27086	4.0	3.0	0.997	0.32	Mexico	tropical
CML220	14A0469_26	Ames27087	4.0	3.0	0.993	0.39	Mexico	tropical
CML228	14A0533_26	Ames27088	9.0	3.0	0.988	0.27	Mexico	tropical
CML238	14A0505_26	Ames27089	4.0	3.0	0.995	0.35	Mexico	tropical
CML261	14A0539_26	Ames27091	4.0	3.0	0.998	0.38	Mexico	tropical
CML277	14A0523_26	PI595550	9.0	3.0	0.998	0.29	Mexico	tropical
CML314	14A0519_26	Ames27094	6.0	5.0	0.977	0.33	Mexico	tropical
CML322	14A0427_26	Ames27096	9.0	3.0	0.998	0.23	Mexico	tropical
CML323	14A0473_26	Ames27097	4.0	3.0	0.997	0.37	Mexico	tropical
CML328	14A0435_8	Ames27098	3.0	2.0	0.996	0.36	Mexico	tropical
CML330	14A0565_26	CML330	1.0	1.0		0.56	Mexico	tropical
CML331	14A0547_26	Ames27099	3.0	2.0	0.998	0.44	Mexico	tropical
CML333	14A0457_26	Ames27101	9.0	3.0	0.995	0.23	Mexico	tropical
CML341	14A0549_26	Ames27102	4.0	3.0	0.997	0.42	Mexico	tropical
CML38	14A0497_26	PI595534	6.0	5.0	0.974	0.29	Mexico	tropical
CML411	14A0566_26							
CML418	14A0567_8	CML418	1.0	1.0		0.73	Mexico	tropical
CML504	14A0569_26							
CML505	14A0570_8							
CML511	14A0571_26							
CML69	14A0439_26	Ames28184	9.0	3.0	0.997	0.26	Mexico	tropical
CML77	14A0273_26	Ames28185	3.0	2.0	0.989	0.43	Mexico	tropical
CML84	14A0572_26							
CML85	14A0573_26							
CML91	14A0453_26	Ames27079	4.0	3.0	0.991	0.33	Mexico	tropical
CML92	14A0409_26	Ames27080	4.0	3.0	0.996	0.46	Mexico	tropical
CML96	14A0574_26							
CMV3	14A0025_8	Ames27038	4.0	3.0	0.998	0.26	Other	unclassified
CO106	14A0015_8	Ames27105	3.0	2.0	0.998	0.41	Ontario	unclassified
CO125	14A0027_8	Ames27106	3.0	2.0	0.998	0.48	Ontario	unclassified
CO255	14A0005_8	Ames27101	3.0	2.0	0.998	0.31	Ontario	unclassified
D940Y	14A0483_26	Ames27108	3.0	2.0	0.998	0.45	South Africa	unclassified
DE1	14A0289_8	PI606329	3.0	2.0	0.997	0.37	Other	unclassified
DE811	14A0245_26	PI550558	4.0	3.0	0.997	0.28	Other	unclassified
E2558W	14A0345_8	Ames27110	3.0	2.0	0.998	0.38	Other	unclassified
EP1	14A0019_8	Ames27111	4.0	3.0	0.998	0.36	Spain	unclassified
F2834T	14A0267_8	Ames27112	3.0	2.0	0.997	0.42	Other	unclassified
F6	14A0459_26	Ames7871	5.0	4.0	0.981	0.3	Other	unclassified
F7	14A0009_8	PI257507	5.0	4.0	0.995	0.33	France	unclassified
GA209	14A0493_26	Ames10248	3.0	2.0	0.997	0.52	Other	unclassified
GT112	14A0471_26	Ames27113	4.0	3.0	0.985	0.33	Other	unclassified
H105W	14A0115_8	PI587127	3.0	2.0	0.998	0.29	Indiana	stiff stalk
H49	14A0131_8	Ames26787	4.0	3.0	0.998	0.32	Indiana	unclassified
H84	14A0153_8	PI587128	3.0	2.0	0.998	0.38	Indiana	stiff stalk
H91	14A0305_8	Ames27114	3.0	2.0	0.998	0.39	Other	unclassified
H95	14A0213_8	Ames19319	4.0	3.0	0.997	0.38	Indiana	non-stiff stalk
H99	14A0065_8	PI587129	4.0	3.0	0.998	0.3	Indiana	unclassified
Hi27	14A0495_26	PI593009	4.0	3.0	0.95	0.47	Other	unclassified
HP301	14A0251_8	PI587131	8.0	2.0	0.998	0.32	Indiana	popcorn
I137TN	14A0299_26	Ames27116	3.0	2.0	0.998	0.42	Other	unclassified
I205	14A0175_8	NSL65871	3.0	2.0	0.983	0.41	Other	unclassified
I29	14A0047_8	Ames27115	3.0	2.0	0.998	0.38	Other	unclassified
IA2132	14A0049_8	PI587134	7.0	1.0	0.998	0.3	Other	sweet corn
Ia5125	14A0075_8	PI587135	3.0	2.0	0.997	0.46	Other	sweet corn
IDS28	14A0179_8	Ames24575	3.0	2.0	0.989	0.36	Other	popcorn
IDS69	14A0343_8	Ames24576	3.0	2.0	0.998	0.44	Other	popcorn
IDS91	14A0173_8	Ames24577	3.0	2.0	0.998	0.44	Other	popcorn
Il101T	14A0139_8	Ames27119	1.0	1.0		0.65	Other	sweet corn
Il14H	14A0077_8	Ames27118	10.0	4.0	0.998	0.23	Other	sweet corn
Il677a	14A0393_8	Ames27120	3.0	2.0	0.998	0.37	Other	sweet corn
IllHy	14A0243_26	Ames26808	6.0	1.0	0.998	0.37	Other	stiff stalk
K148	14A0313_8	Ames27122	3.0	2.0	0.995	0.41	Other	unclassified
K4	14A0365_26	NSL30038	4.0	3.0	0.998	0.3	Other	unclassified
K55	14A0283_8	Ames22754	3.0	2.0	0.995	0.52	Other	unclassified
K64	14A0333_26	Ames27121	3.0	2.0	0.998	0.4	Other	unclassified
Ki11	14A0507_26	Ames27124	10.0	4.0	0.998	0.21	Thailand	tropical
Ki14	14A0521_26	Ames27259	3.0	2.0	0.997	0.49	Thailand	tropical
Ki21	14A0367_26	Ames27125	4.0	3.0	0.997	0.31	Thailand	tropical
Ki3	14A0447_26	Ames27123	10.0	4.0	0.998	0.24	Thailand	tropical
Ki44	14A0529_26	Ames27260	2.0	1.0	0.998	0.54	Thailand	tropical
Ky21	14A0413_26	Ames27130	8.0	2.0	0.998	0.28	Other	unclassified
Ky226	14A0325_8	Ames27131	3.0	2.0	0.998	0.39	Other	unclassified
Ky228	14A0385_26	PI587136	3.0	2.0	0.998	0.36	Other	unclassified
L317	14A0357_8	NSL65873	3.0	2.0	0.998	0.52	Other	unclassified
L578	14A0433_26	Ames27132	3.0	2.0	0.998	0.42	Other	unclassified
M14	14A0117_8	NSL30867	4.0	3.0	0.997	0.31	Other	unclassified
M162W	14A0387_26	Ames27134	8.0	2.0	0.998	0.3	Other	unclassified
M37W	14A0319_26	Ames27133	9.0	3.0	0.998	0.28	South Africa	unclassified
MEF156-55-2	14A0033_8	Ames27135	6.0	5.0	0.981	0.29	Other	unclassified
Mo17	14A0177_8	PI558532	11.0	5.0	0.998	0.23	Missouri	non-stiff stalk
Mo18W	14A0485_26	PI550441	9.0	3.0	0.998	0.28	Missouri	unclassified
Mo1W	14A0225_8	PI558520	3.0	2.0	0.998	0.33	Missouri	unclassified
Mo44	14A0203_8	Ames28939	3.0	2.0	0.984	0.3	Missouri	unclassified
Mo45	14A0339_8	PI583350	3.0	2.0	0.985	0.38	Missouri	unclassified
Mo46	14A0217_8	PI583351	4.0	3.0	0.973	0.32	Missouri	non-stiff stalk
Mo47	14A0103_8	PI583352	4.0	3.0	0.997	0.37	Missouri	non-stiff stalk
Mp339	14A0323_26	PI543916	9.0	3.0	0.998	0.25	Other	unclassified
MR19_Santo_Domingo	14A0576_8	Ames30533	2.0	2.0	0.997	0.66	Other	landraces
MR20_Shoepeg	14A0577_8	Ames30534	3.0	3.0	0.996	0.54	Other	landraces
MS1334	14A0053_8	Ames24752	3.0	2.0	0.998	0.37	Michigan	unclassified
MS153	14A0097_8	Ames24734	3.0	2.0	0.968	0.36	Michigan	unclassified
MS71	14A0071_8	PI587137 	10.0	4.0	0.996	0.23	Michigan	unclassified
Mt42	14A0003_8	Ames20140	5.0	4.0	0.991	0.31	Other	unclassified
N192	14A0055_8	PI550566	4.0	2.0	0.998	0.22	Nebraska	stiff stalk
N28Ht	14A0215_26	Ames27138	3.0	2.0	0.997	0.32	Other	stiff stalk
N6	14A0123_8	Ames27137	3.0	2.0	0.998	0.47	Other	unclassified
NC222	14A0411_26	Ames12729	4.0	3.0	0.997	0.27	North Carolina	unclassified
NC230	14A0373_26	Ames12731	3.0	2.0	0.998	0.39	North Carolina	unclassified
NC232	14A0397_26	Ames12732	4.0	3.0	0.997	0.38	North Carolina	unclassified
NC236	14A0431_26	Ames12734	4.0	3.0	0.988	0.32	North Carolina	unclassified
NC238	14A0461_26	Ames12735	3.0	2.0	0.991	0.45	North Carolina	unclassified
NC250	14A0137_26	PI550555	4.0	3.0	0.998	0.34	North Carolina	stiff stalk
NC258	14A0341_26	PI531084	3.0	2.0	0.998	0.56	North Carolina	unclassified
NC260	14A0187_8	Ames27140	3.0	2.0	0.998	0.38	North Carolina	non-stiff stalk
NC262	14A0093_26	PI531085	4.0	3.0	0.997	0.39	North Carolina	unclassified
NC264	14A0265_8	PI520774	3.0	2.0	0.996	0.44	North Carolina	non-stiff stalk
NC290A	14A0291_8	Ames27141	3.0	2.0	0.998	0.38	North Carolina	unclassified
NC294	14A0297_8	Ames27143	4.0	3.0	0.993	0.26	North Carolina	unclassified
NC296A	14A0359_26	Ames27145	3.0	2.0	0.998	0.45	North Carolina	unclassified
NC296	14A0437_26	Ames27144	6.0	5.0	0.996	0.28	North Carolina	unclassified
NC300	14A0417_26	Ames27146	4.0	3.0	0.997	0.39	North Carolina	unclassified
NC302	14A0405_26	Ames27147	3.0	2.0	0.998	0.4	North Carolina	unclassified
NC304	14A0429_26	Ames27148	3.0	2.0	0.997	0.42	North Carolina	unclassified
NC306	14A0209_26	Ames27149	4.0	3.0	0.998	0.24	North Carolina	unclassified
NC310	14A0201_8	Ames27151	4.0	3.0	0.998	0.26	North Carolina	unclassified
NC314	14A0167_26	Ames27153	4.0	3.0	0.998	0.3	North Carolina	unclassified
NC318	14A0327_26	Ames27155	4.0	3.0	0.996	0.31	North Carolina	unclassified
NC320	14A0363_26	Ames27156	4.0	3.0	0.997	0.4	North Carolina	unclassified
NC324	14A0227_8	Ames27158	4.0	3.0	0.998	0.24	North Carolina	unclassified
NC326	14A0211_26	Ames27159	3.0	2.0	0.998	0.24	North Carolina	unclassified
NC328	14A0231_8	Ames27160	3.0	2.0	0.999	0.34	North Carolina	stiff stalk
NC336	14A0465_26	Ames27164	4.0	3.0	0.998	0.41	North Carolina	unclassified
NC338	14A0441_26	Ames27165	4.0	3.0	0.998	0.38	North Carolina	unclassified
NC33	14A0479_26	Ames27139	3.0	2.0	0.986	0.33	North Carolina	unclassified
NC340	14A0445_8	Ames27166	3.0	2.0	0.998	0.42	North Carolina	unclassified
NC342	14A0223_26	Ames27167	4.0	3.0	0.996	0.34	North Carolina	unclassified
NC344	14A0335_26	Ames27168	4.0	3.0	0.998	0.31	North Carolina	unclassified
NC346	14A0361_26	Ames27169	3.0	2.0	0.997	0.45	North Carolina	unclassified
NC348	14A0399_26	Ames27170	4.0	3.0	0.996	0.35	North Carolina	unclassified
NC350	14A0389_26	Ames27171	9.0	3.0	0.997	0.25	North Carolina	unclassified
NC352	14A0421_26	Ames27172	4.0	3.0	0.998	0.39	North Carolina	unclassified
NC354	14A0353_26	Ames27173	4.0	3.0	0.997	0.3	North Carolina	unclassified
NC356	14A0337_26	Ames27174	4.0	3.0	0.998	0.37	North Carolina	unclassified
NC358	14A0295_8	Ames27175	9.0	3.0	0.998	0.25	North Carolina	unclassified
NC360	14A0269_26	Ames27176	4.0	3.0	0.997	0.35	North Carolina	unclassified
NC362	14A0205_8	Ames27177	3.0	2.0	0.998	0.34	North Carolina	unclassified
NC364	14A0161_8	Ames27178	3.0	2.0	0.998	0.46	North Carolina	unclassified
NC366	14A0481_26	Ames27179	3.0	2.0	0.998	0.45	North Carolina	unclassified
NC368	14A0261_8	Ames27180	4.0	3.0	0.996	0.31	North Carolina	unclassified
ND246	14A0011_8	PI550490	3.0	2.0	0.997	0.38	North Dakota	unclassified
Oh40B	14A0189_8	NSL28966	3.0	2.0	0.996	0.35	Other	non-stiff stalk
Oh43E	14A0207_8	Ames27183	3.0	2.0	0.998	0.5	Other	non-stiff stalk
Oh43	14A0073_8	Ames19288	10.0	4.0	0.998	0.26	Other	non-stiff stalk
Oh603	14A0271_8	PI573098	3.0	2.0	0.998	0.44	Other	unclassified
Oh7B	14A0371_26	Ames19323	9.0	3.0	0.998	0.21	Other	unclassified
Os420	14A0087_26	NSL65874	3.0	2.0	0.998	0.43	Other	stiff stalk
P39	14A0057_8	PI587133	10.0	4.0	0.981	0.22	Other	unclassified
Pa762	14A0135_8	Ames27184	3.0	2.0	0.991	0.45	Other	non-stiff stalk
Pa875	14A0277_8	Ames27185	3.0	2.0	0.998	0.43	Other	stiff stalk
Pa880	14A0329_26	PI517974	8.0	2.0	0.997	0.25	Other	unclassified
Pa91	14A0377_8	PI587147	3.0	2.0	0.998	0.38	Other	unclassified
R168	14A0067_8	Ames19326	5.0	4.0	0.997	0.26	Illinois	unclassified
R177	14A0143_8	NSL30894	4.0	3.0	0.998	0.31	Illinois	unclassified
R229	14A0275_8	PI592734	3.0	2.0	0.995	0.27	Illinois	unclassified
R4	14A0221_26	Ames27187	3.0	2.0	0.998	0.33	Other	unclassified
SA24	14A0237_8	Ames27188	31.0	31.0	0.998	0.16	Other	popcorn
SC213R	14A0499_26	NSL53083	4.0	3.0	0.985	0.35	Other	unclassified
SC357	14A0407_26	NSL53094	4.0	3.0	0.992	0.3	Other	unclassified
SC55	14A0475_26	Ames27189	3.0	2.0	0.998	0.33	Other	unclassified
SD40	14A0141_8	PI606768	4.0	3.0	0.985	0.3	Other	unclassified
SD44	14A0051_8	PI524969	4.0	3.0	0.994	0.3	Other	unclassified
Sg1533	14A0317_26	PI587132	3.0	2.0	0.998	0.38	Other	popcorn
SG18	14A0321_8	NSL75979	3.0	2.0	0.995	0.49	Other	popcorn
T232	14A0285_26	PI550522	5.0	4.0	0.998	0.25	Other	unclassified
T234	14A0349_26	Ames27190	3.0	2.0	0.998	0.46	Other	unclassified
T8	14A0255_8	PI550518	5.0	4.0	0.998	0.26	Other	unclassified
Tx303	14A0443_26	Ames19327	11.0	5.0	0.995	0.21	Other	unclassified
Tzi11	14A0491_26	PI540745	3.0	2.0	0.993	0.35	Nigeria	tropical
Tzi16	14A0423_26	PI540747	4.0	3.0	0.994	0.3	Nigeria	tropical
Tzi18	14A0477_26	PI506253	6.0	5.0	0.976	0.28	Nigeria	tropical
Tzi25	14A0419_26	PI506255	4.0	3.0	0.976	0.3	Nigeria	tropical
Tzi9	14A0463_26	PI506247	4.0	3.0	0.985	0.33	Nigeria	tropical
U267Y	14A0331_26	Ames27191	3.0	2.0	0.997	0.36	Other	unclassified
Va102	14A0119_8	Va102	2.0	1.0	0.999	0.49	Other	unclassified
Va14	14A0395_8	Ames27192	3.0	2.0	0.996	0.47	Other	unclassified
Va17	14A0257_8	Ames19002	4.0	3.0	0.998	0.32	Other	unclassified
Va22	14A0247_8	Ames19328	4.0	3.0	0.997	0.31	Other	non-stiff stalk
Va26	14A0109_8	PI587149	3.0	2.0	0.998	0.34	Other	non-stiff stalk
Va35	14A0159_8	PI587150	5.0	4.0	0.998	0.5	Other	non-stiff stalk
Va59	14A0105_8	Ames19016	5.0	4.0	0.997	0.3	Other	non-stiff stalk
Va85	14A0391_26	Ames27193	3.0	2.0	0.995	0.53	Other	unclassified
Va99	14A0191_8	Ames24989	3.0	2.0	0.998	0.42	Other	non-stiff stalk
VaW6	14A0197_8	Ames19000	6.0	5.0	0.993	0.32	Other	unclassified
W117HT	14A0043_8	Ames8399	3.0	2.0	0.998	0.41	Wisconsin	unclassified
W153R	14A0069_8	PI587154 	5.0	4.0	0.996	0.25	Wisconsin	non-stiff stalk
W182B	14A0017_8	Ames19330	4.0	3.0	0.993	0.29	Wisconsin	unclassified
W22R-rstd	14A0240_26	NSL30067	3.0	2.0	0.977	0.36	Wisconsin	non-stiff stalk
W22R-rstd	14A0240_8	NSL30067	3.0	2.0	0.977	0.36	Wisconsin	non-stiff stalk
W22	14A0181_8	NSL30053	11.0	5.0	0.993	0.19	Wisconsin	non-stiff stalk
W64A	14A0121_8	PI587152	4.0	3.0	0.994	0.29	Wisconsin	stiff stalk
Wf9	14A0129_8	Ames19293	3.0	2.0	0.998	0.38	Other	stiff stalk
Yu796NS	14A0127_8	Ames27196	3.0	2.0	0.973	0.44	Other	unclassified
